X,temp,species,rmax,rmax_upr,rmax_lwr
124,29.2525252525253,Anthonomus grandis,0.146757306489973,0.16496385765152,0.129351080393688
360,27.5757575757576,Aphis nasturtii,0.165051530045231,0.190193409551568,0.126872073480526
287,29.979797979798,Muscidifurax zaraptor,0.219373624116962,0.226410430095962,0.208235651074491
440,28.3333333333333,Paracoccus marginatu,0.147750008881028,0.189597533018337,0.0807588513168563
221,28.989898989899,Rhopalosiphum maidis,0.252963209519632,0.268635388846119,0.224116711142238
52,29.1919191919192,Tetraneura nigriabdominalis,0.182315462704222,0.196311444830246,0.175416474527684
